area,presupuesto,gasto_acumulado,presupuesto_restante,porcentaje_ejecucion
IT,636408,247077.52000000002,389330.48,38.82
Marketing,676327,191743.34,484583.66,28.35
Operaciones,551544,257689.42,293854.58,46.72
RRHH,685860,326631.84,359228.16000000003,47.62
Ventas,587151,222772.37,364378.63,37.94
